[
  {
    "index": 0,
    "attention_type": "luong",
    "src_text": "How can I loose weight naturally without exercise?",
    "tgt_text": "Can I lose weight without exercise?",
    "src_tokens": [
      "<bos>",
      "how",
      "can",
      "i",
      "loose",
      "weight",
      "naturally",
      "without",
      "exercise?"
    ],
    "tgt_tokens": [
      "can",
      "i",
      "lose",
      "weight",
      "without",
      "exercise?"
    ],
    "figure_path": "/content/drive/MyDrive/TakeHome543/Question2/figs/attention_luong_0.png"
  },
  {
    "index": 1,
    "attention_type": "luong",
    "src_text": "What are the best books to prepare for the OCPJP certification exam?",
    "tgt_text": "Which is the best book to study for the OCJP certification in Java?",
    "src_tokens": [
      "<bos>",
      "what",
      "are",
      "the",
      "best",
      "books",
      "to",
      "prepare",
      "for",
      "the",
      "<unk>",
      "certification",
      "exam?"
    ],
    "tgt_tokens": [
      "which",
      "is",
      "the",
      "best",
      "book",
      "to",
      "study",
      "for",
      "the",
      "<unk>",
      "certification",
      "in",
      "java?"
    ],
    "figure_path": "/content/drive/MyDrive/TakeHome543/Question2/figs/attention_luong_1.png"
  },
  {
    "index": 2,
    "attention_type": "luong",
    "src_text": "Are you single?",
    "tgt_text": "Are you single? Why?",
    "src_tokens": [
      "<bos>",
      "are",
      "you",
      "single?"
    ],
    "tgt_tokens": [
      "are",
      "you",
      "single?",
      "why?"
    ],
    "figure_path": "/content/drive/MyDrive/TakeHome543/Question2/figs/attention_luong_2.png"
  },
  {
    "index": 3,
    "attention_type": "luong",
    "src_text": "What's the good name of a animation studio?",
    "tgt_text": "What would be the best name for an animation studio that makes books into movies?",
    "src_tokens": [
      "<bos>",
      "what's",
      "the",
      "good",
      "name",
      "of",
      "a",
      "animation",
      "studio?"
    ],
    "tgt_tokens": [
      "what",
      "would",
      "be",
      "the",
      "best",
      "name",
      "for",
      "an",
      "animation",
      "studio",
      "that",
      "makes",
      "books",
      "into",
      "movies?"
    ],
    "figure_path": "/content/drive/MyDrive/TakeHome543/Question2/figs/attention_luong_3.png"
  },
  {
    "index": 4,
    "attention_type": "luong",
    "src_text": "How do I improve diet to gain weight? What are other options to gain weight?",
    "tgt_text": "Which foods help gain weight?",
    "src_tokens": [
      "<bos>",
      "how",
      "do",
      "i",
      "improve",
      "diet",
      "to",
      "gain",
      "weight?",
      "what",
      "are",
      "other",
      "options",
      "to",
      "gain",
      "weight?"
    ],
    "tgt_tokens": [
      "which",
      "foods",
      "help",
      "gain",
      "weight?"
    ],
    "figure_path": "/content/drive/MyDrive/TakeHome543/Question2/figs/attention_luong_4.png"
  }
]