{
  "histories": {
    "bahdanau": {
      "final_valid_loss": 1.9738899734285142,
      "final_valid_ppl": 7.198624552722402
    },
    "luong": {
      "final_valid_loss": 2.1023953704752474,
      "final_valid_ppl": 8.185754361513155
    },
    "scaled_dot": {
      "final_valid_loss": 1.9978798836724372,
      "final_valid_ppl": 7.3734070352295005
    }
  },
  "metrics": {
    "bahdanau": {
      "bleu": 26.299212594889834,
      "rougeL": 0.5386468354069224,
      "ppl": 7.333217118820326
    },
    "luong": {
      "bleu": 25.240021709997706,
      "rougeL": 0.5138317554884824,
      "ppl": 8.29562684954548
    },
    "scaled_dot": {
      "bleu": 26.1049695633595,
      "rougeL": 0.534579809221797,
      "ppl": 7.516984570506972
    }
  },
  "entropies": {
    "bahdanau": {
      "mean_entropy": 1.9422802329063416,
      "std_entropy": 0.030330401209833775
    },
    "luong": {
      "mean_entropy": 1.2823220276914072e-05,
      "std_entropy": 5.1631131119937025e-05
    },
    "scaled_dot": {
      "mean_entropy": 1.973289499282837,
      "std_entropy": 0.03293641611412308
    }
  },
  "latex_table": "\n\\begin{table}[h]\n\\centering\n\\begin{tabular}{lccccc}\n\\toprule\nAttention type & BLEU $\\uparrow$ & ROUGE-L $\\uparrow$ & Test PPL $\\downarrow$ & Val PPL (final) $\\downarrow$ & Mean entropy $\\downarrow$ \\\\\n\\midrule\nAdditive (Bahdanau) & 26.30 & 0.539 & 7.3 & 7.2 & 1.942 \\\\\nMultiplicative (Luong) & 25.24 & 0.514 & 8.3 & 8.2 & 0.000 \\\\\nScaled dot-product & 26.10 & 0.535 & 7.5 & 7.4 & 1.973 \\\\\n\\bottomrule\n\\end{tabular}\n\\caption{Comparison of three attention mechanisms on the Quora paraphrase generation task.}\n\\label{tab:attention-comparison}\n\\end{table}\n"
}