{
    "bilstm_bert": {
        "epochs": [
            {
                "epoch": 1,
                "train_loss": 0.5133492204248905,
                "val_loss": 0.4112015125155449,
                "val_acc": 0.813,
                "val_macro_f1": 0.8128635775480325
            },
            {
                "epoch": 2,
                "train_loss": 0.40805130779743193,
                "val_loss": 0.40454967474937437,
                "val_acc": 0.8195,
                "val_macro_f1": 0.8188368977550078
            }
        ],
        "test": {
            "test_loss": 0.4146282171028513,
            "test_acc": 0.80612,
            "test_macro_f1": 0.8046902321885232
        }
    },
    "bigru_bert": {
        "epochs": [
            {
                "epoch": 1,
                "train_loss": 0.5174230526089668,
                "val_loss": 0.433751989364624,
                "val_acc": 0.8005,
                "val_macro_f1": 0.8004939649424395
            },
            {
                "epoch": 2,
                "train_loss": 0.41765236294269564,
                "val_loss": 0.3919685740470886,
                "val_acc": 0.833,
                "val_macro_f1": 0.8326302802891588
            }
        ],
        "test": {
            "test_loss": 0.3856737109464823,
            "test_acc": 0.82928,
            "test_macro_f1": 0.8290352013860538
        }
    }
}