{
    "bilstm": {
        "epochs": [
            {
                "epoch": 1,
                "train_loss": 0.6780493527919322,
                "val_loss": 0.6392044515933021,
                "val_acc": 0.6306666666666667,
                "val_macro_f1": 0.6296857717555286
            },
            {
                "epoch": 2,
                "train_loss": 0.6579118967056274,
                "val_loss": 0.6740386576975806,
                "val_acc": 0.5776,
                "val_macro_f1": 0.5419629770370773
            },
            {
                "epoch": 3,
                "train_loss": 0.5058020926094628,
                "val_loss": 0.46750769726300645,
                "val_acc": 0.7829333333333334,
                "val_macro_f1": 0.7773081815478544
            }
        ],
        "test": {
            "test_loss": 0.4664038923161719,
            "test_acc": 0.77992,
            "test_macro_f1": 0.7752544976893417
        }
    },
    "bigru": {
        "epochs": [
            {
                "epoch": 1,
                "train_loss": 0.6679801022684252,
                "val_loss": 0.5740054775092561,
                "val_acc": 0.7098666666666666,
                "val_macro_f1": 0.6951475560547431
            },
            {
                "epoch": 2,
                "train_loss": 0.4169386933157752,
                "val_loss": 0.38157571523876516,
                "val_acc": 0.8290666666666666,
                "val_macro_f1": 0.8290666545114065
            },
            {
                "epoch": 3,
                "train_loss": 0.35183023023712745,
                "val_loss": 0.363103556683508,
                "val_acc": 0.8418666666666667,
                "val_macro_f1": 0.8418647662325685
            }
        ],
        "test": {
            "test_loss": 0.3535781139150605,
            "test_acc": 0.8422,
            "test_macro_f1": 0.8421463244464282
        }
    }
}