[
  {
    "name": "L2_H2",
    "num_layers": 2,
    "nheads": 2,
    "epochs": 5,
    "total_train_time_sec": 517.1938333511353,
    "final_train_loss": 1.786985621255566,
    "final_valid_loss": 2.062884291013082,
    "metrics": {
      "name": "L2_H2",
      "bleu": 23.814198328255337,
      "rougeL": 0.5186164804337138,
      "ppl": 7.969892029884116,
      "eval_time_sec": 9.913009881973267,
      "max_gpu_mem_mb": 1133.0966796875,
      "avg_loss": 2.0756709456443785,
      "num_batches": 30
    }
  },
  {
    "name": "L2_H4",
    "num_layers": 2,
    "nheads": 4,
    "epochs": 5,
    "total_train_time_sec": 515.970596075058,
    "final_train_loss": 1.7771086102513256,
    "final_valid_loss": 2.0623613524640727,
    "metrics": {
      "name": "L2_H4",
      "bleu": 23.861889136925356,
      "rougeL": 0.5224690759966713,
      "ppl": 7.981119074163615,
      "eval_time_sec": 9.062343120574951,
      "max_gpu_mem_mb": 1133.0966796875,
      "avg_loss": 2.077078636487325,
      "num_batches": 30
    }
  },
  {
    "name": "L4_H4",
    "num_layers": 4,
    "nheads": 4,
    "epochs": 5,
    "total_train_time_sec": 698.9572789669037,
    "final_train_loss": 2.6834616208766433,
    "final_valid_loss": 2.852756821192228,
    "metrics": {
      "name": "L4_H4",
      "bleu": 3.908002735567509,
      "rougeL": 0.18678991814697252,
      "ppl": 17.385543517304658,
      "eval_time_sec": 13.768085956573486,
      "max_gpu_mem_mb": 1173.3154296875,
      "avg_loss": 2.855639028549194,
      "num_batches": 30
    }
  },
  {
    "name": "L6_H8",
    "num_layers": 6,
    "nheads": 8,
    "epochs": 5,
    "total_train_time_sec": 916.2542340755463,
    "final_train_loss": 5.745460780359413,
    "final_valid_loss": 9.264853192190838,
    "metrics": {
      "name": "L6_H8",
      "bleu": 0.0034750820790256315,
      "rougeL": 0.020056345938643715,
      "ppl": 10453.45825127343,
      "eval_time_sec": 17.34073257446289,
      "max_gpu_mem_mb": 1272.81591796875,
      "avg_loss": 9.254688135782878,
      "num_batches": 30
    }
  }
]