{
    "calibration_bins": [
        {
            "bin": 0,
            "range": [
                0.0,
                0.1
            ],
            "avg_confidence": null,
            "accuracy": null,
            "count": 0
        },
        {
            "bin": 1,
            "range": [
                0.1,
                0.2
            ],
            "avg_confidence": null,
            "accuracy": null,
            "count": 0
        },
        {
            "bin": 2,
            "range": [
                0.2,
                0.3
            ],
            "avg_confidence": null,
            "accuracy": null,
            "count": 0
        },
        {
            "bin": 3,
            "range": [
                0.3,
                0.4
            ],
            "avg_confidence": null,
            "accuracy": null,
            "count": 0
        },
        {
            "bin": 4,
            "range": [
                0.4,
                0.5
            ],
            "avg_confidence": null,
            "accuracy": null,
            "count": 0
        },
        {
            "bin": 5,
            "range": [
                0.5,
                0.6
            ],
            "avg_confidence": 0.5489568875143023,
            "accuracy": 0.5288825757575758,
            "count": 2112
        },
        {
            "bin": 6,
            "range": [
                0.6,
                0.7
            ],
            "avg_confidence": 0.6519217970795798,
            "accuracy": 0.6334390575441776,
            "count": 2207
        },
        {
            "bin": 7,
            "range": [
                0.7,
                0.8
            ],
            "avg_confidence": 0.7523888969012377,
            "accuracy": 0.7226590421729807,
            "count": 2798
        },
        {
            "bin": 8,
            "range": [
                0.8,
                0.9
            ],
            "avg_confidence": 0.8561501646679296,
            "accuracy": 0.8330712199505729,
            "count": 4451
        },
        {
            "bin": 9,
            "range": [
                0.9,
                1.0
            ],
            "avg_confidence": 0.960387499538151,
            "accuracy": 0.9593508040500298,
            "count": 13432
        }
    ],
    "summary": {
        "overall_accuracy": 0.84524,
        "overall_entropy_mean": 0.3347037823159993,
        "overall_entropy_std": 0.2157218468451638
    }
}