{
    "bigru_static": {
        "epochs": [
            {
                "epoch": 1,
                "train_loss": 0.5730017486277286,
                "val_loss": 0.5488087913747561,
                "val_acc": 0.7274666666666667,
                "val_macro_f1": 0.7139208894406688
            },
            {
                "epoch": 2,
                "train_loss": 0.3967096653428522,
                "val_loss": 0.3740768447770911,
                "val_acc": 0.8330666666666666,
                "val_macro_f1": 0.8329788239204776
            },
            {
                "epoch": 3,
                "train_loss": 0.33464180452150627,
                "val_loss": 0.36201898804155447,
                "val_acc": 0.8384,
                "val_macro_f1": 0.8375950953075595
            }
        ],
        "test": {
            "test_loss": 0.3466374244055022,
            "test_acc": 0.84524,
            "test_macro_f1": 0.8449146868437108
        }
    }
}