{
    "high_entropy_wrong_top5": [
        {
            "index": 7671,
            "text": "The film has no connection with the real life in Bosnia in those days. Should be more realistic and shows the viewer real traumas that were happening to common people during the war. Please see some films of Yugoslav authors (Emir Kusturica, Ljubisa Samardzic,...e.g. Bure baruta( A barrel of powder), Tito i ja (Tito and me), Lepa sela lepo gore (Beautiful Villages burn Beautiful), etc... Just this is the real way to know about so called Bosnian problem. Hollywood is definitive not th right address to make films about the Balcan peninsula. Maybe Vietnam, WW II,... but not of the Slavs living in former Yugoslavia.",
            "gold_label": 0,
            "pred_label": 1,
            "probs": [
                0.49964332580566406,
                0.5003566145896912
            ],
            "entropy": 0.6931469440460205,
            "confidence": 0.5003566145896912,
            "correct": 0
        },
        {
            "index": 13032,
            "text": "If you want to see a true thriller, rent this!!! It's not from the director or screenwriter of \"Scream\", doesn't feature overacting, overpaid \"TV\" actors passing off as \"stars\", and is not a run of the mill special effects bonanza. Instead you'll get a top-notch, edgy, very strong (in violence) yet thrilling nailbiter.",
            "gold_label": 1,
            "pred_label": 0,
            "probs": [
                0.5003697872161865,
                0.49963024258613586
            ],
            "entropy": 0.6931469440460205,
            "confidence": 0.5003697872161865,
            "correct": 0
        },
        {
            "index": 23565,
            "text": "This anime recounts the tale of the Battle for Mamodo King. Every 1,000 years, 100 Mamado children are sent to Earth to fight to determine who will be their next king (in the original Japanese, the creatures are Mamono, which literally means magic/evil object). Each Mamado is paired with a Human partner, and given a magic spellbook. The Human can use this book to unleash incredible powers in the Mamodo, and when a Mamodo is defeated, their spellbook is engulfed in flames (alternately, a Mamdodo's book can be captured and burned directly). After that the Mamodo returns to the Mamodo world.<br /><br />The titular character is Zatch (Gash in Japan), a 6-year old mamodo with electric powers. He is paired with Kiyomaru Takamini, and 14-year old genius. Zatch is initially reluctant to fight, but learning that some Mamodo are evil and deciding the battle for king is wrong, he decided to fight to become a 'kind king'.<br /><br />Zatch Bell has drawn comparison to Pokemon, but a better comparison is to Digimon. Like Digimon, the Mamodo and Human have a one to one, symbiotic relationship. Also unlike Pokemon, both shows have an actual plot.<br /><br />Zatch Bell features character growth and evolving relationships, and some fairly adult story lines (like love vs racism; slavery; mind control; etc.). It even has some decent plot twists and mysteries.",
            "gold_label": 1,
            "pred_label": 0,
            "probs": [
                0.5003196597099304,
                0.4996803402900696
            ],
            "entropy": 0.6931469440460205,
            "confidence": 0.5003196597099304,
            "correct": 0
        },
        {
            "index": 2514,
            "text": "This is a comedy/romance movie directed by Andy Tennant, starring Will Smith, Eva Mendes and Kevin James.<br /><br />It is about a professional dating doctor -Will Smith - known as 'Hitch' who helps men to land dates with the women they are interested in. He is currently helping a shapely, clumsy Albert who is obsessed with a very powerful, famous and rich woman called Allegra. At the same time, Hitch has become interested in a gossip columnist, Sara, - Eva Mendes - who has been assigned to write about Allegra. When the best girlfriend of Sara has a love disillusion with a man that Sara thinks that is a client of Hitch, she plots a revenge against Hitch and the misunderstanding leads the two couples to a conflictive situation This film is not one that men should see as it has a lot of male-bashing and both subtle and blatant male-hating. There are also double standards that you would have to be blind not to spot. Hitch and Sara are both very guarded around the opposite sex, Hitch still likes women despite his burns from them in the past and is teaching men to make them happy. But of course Sara, is a sexist bigot who makes frequent sexist comments along the lines of \"men want to have sex with anything that walks.\" Shes self-obsessed and knows she looks like a goddess and knows there are no 'real men' out there. What annoyed me most of all was the 'bad' guy who wanted a quick fumble with Sara's best friend who is the classic example of a defenceless 'victim' and even after being turned down physically by Hitch, receives as blow to the pills from Sara, after which she says \"Now I'm satisfied.\" Add to that the \"women are still oppressed\" vibes you get from Allegra not being allowed to spend her own money after asking permission from a table of men. In spite of all the rubbish assumptions and generalisations - Women can always tell when you ain't being straight with them? - this movie does have the correct point that in America, love simply doesn't exist. There are some funny parts in this film, such as Albert and his dancing habits but this film overall, only beats the dreadful film Honey by a marginal amount.",
            "gold_label": 0,
            "pred_label": 1,
            "probs": [
                0.4996098577976227,
                0.5003901720046997
            ],
            "entropy": 0.693146824836731,
            "confidence": 0.5003901720046997,
            "correct": 0
        },
        {
            "index": 9226,
            "text": "\"Solomon and Sheba\" was the kind of film that you just had to go and see back in the late 50's when I was a kid: a biblical epic spectacular with well known performers, unusual costumes, lots of extras and battle sequences. So I went to see it; but I remember that back then \"Solomon and Sheba\" didn't impress me at all, which was a strange thing since I had enjoyed a lot \"The Ten Commandments\", \"Quo Vadis\", \"Helen of Troy\" and others. The point is that when you are a kid you disregard things in pictures that adults don't (bad acting, for instance) and you are easier to please with warriors in their armors, battles, sword duels and action, so if your'e not impressed then something is wrong with a product of this genre. <br /><br />This film, though it has some of such features, is definitely standard and average. Yul Brynner's wooden performance as the Hebrew king doesn't even light when he has voluptuous and half naked Gina Lollobrigida dancing around him provocatively. She is better and renders an acceptable acting. George Sanders doesn't look interested in what he is doing, and Marisa Pavan (Pier Angeli's twin sister) doesn't add at all as a sort of Brynner's conscience.<br /><br />The final sword duel between Brynner and Sanders is just for the plot and lacks interest and intensity (it had to filmed, that's all).<br /><br />Not a good farewell for director King Vidor, Solomon and Sheba will probably be remembered as Ty Power's last unfinished picture.",
            "gold_label": 0,
            "pred_label": 1,
            "probs": [
                0.49961039423942566,
                0.5003896355628967
            ],
            "entropy": 0.693146824836731,
            "confidence": 0.5003896355628967,
            "correct": 0
        }
    ],
    "low_entropy_wrong_top5": [
        {
            "index": 22754,
            "text": "Totally disgusting and cheap bawdy humor. I loved it!!! It is the most disgusting and totally horribly acted film, except for Nicolas Read, who plays an un-dead Court Jester, to comic brilliance. But being that as it may, I laughed so many times and I have to hand it to the film makers, it wasn't pretentious or ordinary in any way. Raping, fighting, zombies vomitting on their rape victims. What other movie has this? Not for the quesy, but with a pizza, a bong, and a six pack of beer, you got it made, if you have a cast iron stomach and a juvenille sense of humor like myself.",
            "gold_label": 1,
            "pred_label": 0,
            "probs": [
                0.9950162768363953,
                0.004983712453395128
            ],
            "entropy": 0.03139283508062363,
            "confidence": 0.9950162768363953,
            "correct": 0
        },
        {
            "index": 3392,
            "text": "Some of the greatest and most loved horror movies have a wicked sense of humour, but when a film comes along that isn't as original as the \"classics\" but just goes at it for laughs then a bunch of po-faced, wanna-be critics completely slag it off. This film made me laugh aloud several times, this is testament to the way this film was approached and it shows. The two main leads look natural and believable together and this really helps this film. You root for them the whole way and laugh along with them, everyone has friends like both of these guys. Another highlight for me was the monster truck, it's awesome, intimidating and really well shot. Taking inspiration (completely stealing) from loads of films, the most obvious being Duel, Jeepers Creepers and probably in reference to the Jack Black alike co-star Orange County. But really you can pick any road trip gone wrong movie and find a reference here. But so what, it's not trying to win any Oscars just give the viewer a good dose of frights and laughs and on that score it's a 10! Obviously It's not getting a 10, I give real sensible reviews and scores unlike 99% of the people on IMDb. There is no-way this movie can get a zero like so many lazy idiots give to too many films and as fun as it was it ain't getting a 10 either. It's just a good fun movie for anyone with a sense of humour and a liking for scares. You really can't get anymore simple than that.",
            "gold_label": 0,
            "pred_label": 1,
            "probs": [
                0.006527175661176443,
                0.9934727549552917
            ],
            "entropy": 0.03934921696782112,
            "confidence": 0.9934727549552917,
            "correct": 0
        },
        {
            "index": 19513,
            "text": "Do-It-Yourself indie horror auteur Todd Sheets returns with another entertainingly atrocious nickel'n'dime shot-on-video clunker that's basically just a feeble excuse to sling around a lot of watery blood and gleaming guts as often as possible. An evil demonic scarecrow resurrects the dead as ravenous rot-faced zombies so they can feast on the living. A bunch of bickering college kids, a trio of dangerous escaped convicts led by the vicious Slade (Byron Nichodemus hamming it up to an outrageous degree), two equally savage sleazeball hoodlums, and a trio of hottie sisters all have to do their best to survive this harrowing ordeal. That's it for the needlessly muddled and convoluted plot, but fortunately what this hilariously horrendous hoot lacks in narrative coherence (plenty) it more than compensates for with a pleasing plethora of gloriously gross'n'graphic gore. Disgusting highlights include a woman having her fingers chopped off, a fatal gunshot to a young gal's groin, attempted necrophiliac rape, evisceration, and, of course, more repulsive entrail eating than you can shake a pile of moist intestines at. Moreover, we've also got rough, grainy cinematography that constantly alternates between washed-out color and grimy black and white, ineptly staged fight scenes, lousy acting from a uniformly pathetic no-name cast (Jerry Angell in particular cops the top crummy thespic dishonors for his laughably abysmal histrionics as slimy no-count psycho criminal Joe Bob), a grating head-banging thrash metal soundtrack, and a generic shivery'n'ominous synthesizer score. Let's not forget the ridiculous ending in which several of our survivors stumble across a few vials of flesh-eating bacteria to use on the shambling undead hordes. Sure, this flick is pure dreck, but it has a certain endearingly abominable quality to it that in turn makes it a great deal of so-awful-it's-awesome Grade Z fun for hardcore aficionados of bad fright fare.",
            "gold_label": 1,
            "pred_label": 0,
            "probs": [
                0.9924869537353516,
                0.007513056043535471
            ],
            "entropy": 0.04423195868730545,
            "confidence": 0.9924869537353516,
            "correct": 0
        },
        {
            "index": 4490,
            "text": "After Matt Dillon's phenomenal performance in CRASH, most will probably rush to pick up a copy of FACTOTUM to see if Dillon is for real or simply got a lucky rebound from a great script.<br /><br />Well, Factotum certainly has its moments, but the plainness of ...everything will most likely turn viewers off. However nothing should be taken away from Dillon. His performance is wonderful and full of excellent deadpan humor, proving he's a solid actor with significant chops; it's just a shame about the directing and script.<br /><br />The story is about Henry \"Hank\" Chinaski (Dillon) and his refusal to conform to anything resembling normalcy. He quits or gets fired from jobs in mere minutes, only to find himself back in a dreary pub meeting even drearier women while trying to write a nonconformist novel. We never really know what the novel is about except that it involves \"everything\" (cancer, movies, you, me).<br /><br />Skipping from workplace to workplace and constantly returning to Jan (Lili Taylor, THE HAUNTING), a loser girlfriend who's just as dispiriting as himself, Hank tries vainly to discover what his life is supposed to hold for him. Whether he ever learns what that is is up for interpretation. Some may say that he never does, while others might argue that his life is simply a path to obscurity.<br /><br />Regardless, there's not much substance to Factotum even with Matt Dillon's fine performance. The story meanders through Hank's life without much thought given as to where to take the audience. And that's a shame. Dillon's performance would've shone even brighter if given a decent script.",
            "gold_label": 0,
            "pred_label": 1,
            "probs": [
                0.008845431730151176,
                0.9911545515060425
            ],
            "entropy": 0.05062612146139145,
            "confidence": 0.9911545515060425,
            "correct": 0
        },
        {
            "index": 24007,
            "text": "I was skeptical before going to this because of the horribly assembled trailer which made it look like an equally horrible movie. I was nicely surprised by how much i did not waste my money. I believe the films success comes from how creepy it really is and how the environment of the house is. Little things like the sensor lights create a true uneasy feeling. The shadows and ominously cold feeling of the house make it easy to tell that no matter how much you know horror films, anything could happen in the film. The acting is by no means perfect, nor were they bad. The main character is convincing even given the annoying teen dramas that surround her. In the end, I was thoroughly impressed with the film in most aspects.<br /><br />It is definitely a film i would recommend.",
            "gold_label": 1,
            "pred_label": 0,
            "probs": [
                0.9911475777626038,
                0.008852415718138218
            ],
            "entropy": 0.050659067928791046,
            "confidence": 0.9911475777626038,
            "correct": 0
        }
    ]
}