{
    "experiment_name": "hotpotqa_rag_flan_t5_small",
    "timestamp": "2025-11-25T23:17:55.564116",
    "retrieval": {
        "k": 5,
        "BM25": {
            "Precision@5": 0.252,
            "Recall@5": 0.63
        },
        "TFIDF": {
            "Precision@5": 0.26299999999999985,
            "Recall@5": 0.6575
        }
    },
    "generation": {
        "num_eval_samples": 50,
        "BM25_RAG": {
            "BLEU": 0.0,
            "ROUGE-L": 0.14,
            "BERTScore-F1": 0.8807461965084076
        },
        "TFIDF_RAG": {
            "BLEU": 0.0,
            "ROUGE-L": 0.1,
            "BERTScore-F1": 0.8807471096515656
        }
    }
}