[
  {
    "question": "Were Scott Derrickson and Ed Wood of the same nationality?",
    "gold_answer": "yes",
    "predicted_answer": "no",
    "context": "Woodson, Arkansas. Woodson is a census-designated place (CDP) in Pulaski County, Arkansas, in the United States.  Its population was 403 at the 2010 census\nEd Wood (film). Ed Wood is a 1994 American biographical period comedy-drama film directed and produced by Tim Burton, and starring Johnny Depp as cult filmmaker Ed Wood.  The film concerns the period in Wood's life when he made his best-known films as well as his relationship with actor Bela Lugosi, played by Martin Landau\nScott Derrickson. Scott Derrickson (born July 16, 1966) is an American director, screenwriter and producer.  He lives in Los Angeles, California"
  },
  {
    "question": "What government position was held by the woman who portrayed Corliss Archer in the film Kiss and Tell?",
    "gold_answer": "Chief of Protocol",
    "predicted_answer": "no",
    "context": "A Kiss for Corliss. A Kiss for Corliss is a 1949 American comedy film directed by Richard Wallace and written by Howard Dimsdale.  It stars Shirley Temple in her final starring role as well as her final film appearance\nMeet Corliss Archer (TV series). Meet Corliss Archer is an American television sitcom that aired on CBS (July 13, 1951 - August 10, 1951) and in syndication via the Ziv Company from April to December 1954.  The program was an adaptation of the radio series of the same name, which was based on a series of short stories by F\nKiss and Tell (1945 film). Kiss and Tell is a 1945 American comedy film starring then 17-year-old Shirley Temple as Corliss Archer.  In the film, two teenage girls cause their respective parents much concern when they start to become interested in boys"
  },
  {
    "question": "What science fantasy young adult series, told in first person, has a set of companion books narrating the stories of enslaved worlds and alien species?",
    "gold_answer": "Animorphs",
    "predicted_answer": "yes",
    "context": "Animorphs. Animorphs is a science fantasy series of young adult books written by Katherine Applegate and her husband Michael Grant, writing together under the name K. A\nList of Square Enix companion books. Dozens of Square Enix companion books have been produced since 1998, when video game developer Square began to produce books that focused on artwork, developer interviews, and background information on the fictional worlds and characters in its games rather than on gameplay details.  The first series of these books was the \"Perfect Works\" series, written and published by Square subsidiary DigiCube\nVictoria Hanley. Victoria Hanley is an American young adult fantasy novelist.  Her first three books, \"The Seer And The Sword\", \"The Healer's Keep\" and \"The Light Of The Oracle\" are companion books to one another"
  },
  {
    "question": "Are the Laleli Mosque and Esma Sultan Mansion located in the same neighborhood?",
    "gold_answer": "no",
    "predicted_answer": "no",
    "context": "Esma Sultan Mansion. The Esma Sultan Mansion (Turkish: \"Esma Sultan Yal\u0131s\u0131\" ), a historical yal\u0131 (English: waterside mansion ) located at Bosphorus in Ortak\u00f6y neighborhood of Istanbul, Turkey and named after its original owner Esma Sultan, is used today as a cultural center after being redeveloped.\nLaleli Mosque. The Laleli Mosque (Turkish: \"Laleli Camii, or Tulip Mosque\" ) is an 18th-century Ottoman imperial mosque located in Laleli, Fatih, Istanbul, Turkey.\nSultan Ahmed Mosque. The Sultan Ahmed Mosque or Sultan Ahmet Mosque (Turkish: \"Sultan Ahmet Camii\" ) is a historic mosque located in Istanbul, Turkey.  A popular tourist site, the Sultan Ahmed Mosque continues to function as a mosque today; men still kneel in prayer on the mosque's lush red carpet after the call to prayer"
  },
  {
    "question": "The director of the romantic comedy \"Big Stone Gap\" is based in what New York city?",
    "gold_answer": "Greenwich Village, New York City",
    "predicted_answer": "yes",
    "context": "Big Stone Gap (film). Big Stone Gap is a 2014 American drama romantic comedy film written and directed by Adriana Trigiani and produced by Donna Gigliotti for Altar Identity Studios, a subsidiary of Media Society.  Based on Trigiani's 2000 best-selling novel of the same name, the story is set in the actual Virginia town of Big Stone Gap circa 1970s\nI Love NY (2015 film). I Love NY, also known as I Love New Year, is an Indian romantic comedy film directed by Radhika Rao and Vinay Sapru starring Sunny Deol and Kangana Ranaut in lead roles.  The film is produced by Bhushan Kumar and Krishan Kumar under the banner of Super Cassettes Industries Ltd\nJust Another Romantic Wrestling Comedy. Just Another Romantic Wrestling Comedy is a 2006 film starring April Hunter and Joanie Laurer.  This Romantic comedy film was premiered at New Jersey and New York City on December 1, 2006 and was released on DVD in the United States and the United Kingdom on April 17, 2007"
  }
]